{"1":{"x":-0.457124842370744,"y":0.3697829716193656},"2":{"x":0.457124842370744,"y":-0.36978297161936563},"3":{"x":0.457124842370744,"y":0.36978297161936563},"4":{"x":-0.34724236844182943,"y":-0.44490818030050083},"5":{"x":0.17871452931247372,"y":-0.3473772103081959}}