{"1":{"x":0.1234951968216778,"y":-0.3453640491504387},"2":{"x":0.468235521983343,"y":0.4029275808936826},"3":{"x":-0.4599764567392584,"y":0.3798151001540832},"4":{"x":-0.34724236844182943,"y":-0.44490818030050083},"5":{"x":0.17871452931247372,"y":-0.3473772103081959}}