{"1":{"x":-0.457124842370744,"y":0.36978297161936563},"2":{"x":0.457124842370744,"y":-0.36978297161936563},"3":{"x":0.25339064531939626,"y":0.36978297161936563},"4":{"x":-0.3574286224762899,"y":-0.06513335111742226},"5":{"x":0.17871452931247372,"y":-0.3473772103081959}}